{
  "btn_left": 0.8876404494382022,
  "btn_top": 0.848314606741573,
  "btn_w": 0.06943820224719101,
  "btn_h": 0.09674157303370787,
  "bar_left": 0.3202247191011236,
  "bar_top": 0.06067415730337078,
  "bar_w": 0.3617977528089888,
  "bar_h": 0.02314606741573034,
  "blue_threshold": 3,
  "yellow_threshold": 40,
  "deadzone": 24,
  "kp": 0.81,
  "kd": 0.06,
  "win_title": "NTE",
  "bar_delay": 0.8,
  "confirm_delay": 1.5,
  "input_method": "auto",
  "ring_points": "0.316,0.337; 0.296,0.694; 0.519,0.905; 0.822,0.671",
  "red_ring_points": "0.183,0.396; 0.519,0.064; 0.303,0.888",
  "red_threshold": 2,
  "ad_mode": "hold",
  "hsv_h": 108,
  "hsv_s": 223,
  "hsv_v": 255,
  "hsv_dh": 6,
  "hsv_ds": 38,
  "hsv_dv": 43
}
