{
  "btn_left": 0.8876404494382022,
  "btn_top": 0.848314606741573,
  "btn_w": 0.06943820224719101,
  "btn_h": 0.09674157303370787,
  "bar_left": 0.3202247191011236,
  "bar_top": 0.06067415730337078,
  "bar_w": 0.3617977528089888,
  "bar_h": 0.02314606741573034,
  "blue_threshold": 3,
  "yellow_threshold": 40,
  "deadzone": 24,
  "kp": 0.81,
  "kd": 0.06,
  "win_title": "NTE",
  "bar_delay": 0.6,
  "confirm_delay": 1.5,
  "input_method": "auto",
  "ring_points": "0.388,0.843; 0.561,0.896; 0.727,0.823",
  "red_ring_points": "0.50,0.08; 0.92,0.50; 0.50,0.92; 0.08,0.50",
  "red_threshold": 2,
  "ad_mode": "hold",
  "hsv_h": 108,
  "hsv_s": 223,
  "hsv_v": 255,
  "hsv_dh": 6,
  "hsv_ds": 38,
  "hsv_dv": 43,
  "yellow_hsv_h": 28,
  "yellow_hsv_s": 86,
  "yellow_hsv_v": 254,
  "yellow_hsv_dh": 6,
  "yellow_hsv_ds": 62,
  "yellow_hsv_dv": 42
}
